{
    "Survival": {
      "Surv": 0.94140625,
      "ival": 0.8046875
    },
    "Tastiest": {
      "T": 0.3984375,
      "ast": 0.91015625,
      "iest": 0.8203125
    },
    "confusing": {
      "conf": 0.6875,
      "using": 0.96484375
    },
    "insted": {
      "inst": 0.9921875,
      "ed": 1.0
    },
    "typical": {
      "typ": 0.59765625,
      "ical": 0.9921875
    },
    "hardest": {
      "har": 0.98828125,
      "dest": 1.0
    },
    "gameplay": {
      "game": 0.859375,
      "play": 0.9375
    },
    "enemies": {
      "en": 0.88671875,
      "emies": 0.99609375
    },
    "confident": {
      "conf": 0.97265625,
      "ident": 0.97265625
    },
    "Evolution": {
      "Ev": 0.921875,
      "olution": 0.98828125
    },
    "evolution": {
      "ev": 0.91796875,
      "olution": 0.92578125
    },
    "unassisted": {
      "un": 0.8828125,
      "ass": 0.98828125,
      "isted": 0.98046875
    },
    "happens": {
      "h": 0.96484375,
      "app": 0.96875,
      "ens": 0.98828125
    },
    "several": {
      "se": 0.71484375,
      "veral": 0.99609375
    },
    "seemingly": {
      "se": 0.578125,
      "em": 0.71484375,
      "ingly": 0.4609375
    },
    "permutation": {
      "per": 0.8828125,
      "mutation": 0.99609375
    },
    "surviving": {
      "sur": 0.9296875,
      "v": 0.82421875,
      "iving": 0.9765625
    },
    "genetic": {
      "gen": 0.98828125,
      "etic": 0.99609375
    },
    "simulator": {
      "sim": 0.96875,
      "ulator": 0.9609375
    },
    "opinion": {
      "op": 0.91015625,
      "inion": 0.9921875
    },
    "facing": {
      "f": 0.92578125,
      "acing": 0.9609375
    },
    "goes": {
      "go": 0.93359375,
      "es": 0.94921875
    },
    "supposed": {
      "sup": 0.486328125,
      "posed": 0.890625
    },
    "evolve": {
      "ev": 0.87109375,
      "olve": 0.9375
    },
    "anymore": {
      "an": 0.890625,
      "ym": 0.98046875,
      "ore": 0.984375
    },
    "equivalent": {
      "equ": 0.98828125,
      "ivalent": 0.9921875
    },
    "intelligent": {
      "int": 0.84375,
      "elligent": 0.9296875
    },
    "fable": {
      "f": 0.91015625,
      "able": 0.94921875
    },
    "invented": {
      "in": 0.98828125,
      "vented": 0.97265625
    },
    "creationists": {
      "creation": 1.0,
      "ists": 1.0
    },
    "Pastafarian": {
      "Past": 0.8046875,
      "af": 0.94140625,
      "arian": 0.95703125
    },
    "rubbed": {
      "rub": 0.97265625,
      "bed": 0.953125
    },
    "Hence": {
      "H": 0.9296875,
      "ence": 1.0
    },
    "biggest": {
      "big": 0.87890625,
      "gest": 0.98828125
    },
    "dillema": {
      "d": 0.86328125,
      "ille": 0.953125,
      "ma": 0.98046875
    },
    "deciding": {
      "dec": 0.55859375,
      "iding": 0.81640625
    },
    "wrongly": {
      "wrong": 0.6953125,
      "ly": 0.921875
    },
    "contestant": {
      "contest": 0.859375,
      "ant": 0.99609375
    },
    "judging": {
      "jud": 0.87109375,
      "ging": 0.94140625
    },
    "artificial": {
      "art": 0.83203125,
      "ificial": 0.94921875
    },
    "somehow": {
      "some": 0.8203125,
      "how": 0.953125
    },
    "Alas": {
      "Al": 0.859375,
      "as": 0.96484375
    },
    "decided": {
      "dec": 0.92578125,
      "ided": 0.9921875
    },
    "myself": {
      "my": 0.98046875,
      "self": 0.85546875
    },
    "humanity": {
      "human": 0.98046875,
      "ity": 0.98046875
    },
    "tried": {
      "tr": 0.90625,
      "ied": 1.0
    },
    "foe": {
      "fo": 0.7421875,
      "e": 0.9609375
    },
    "souls": {
      "s": 0.9140625,
      "ou": 0.99609375,
      "ls": 0.99609375
    },
    "flying": {
      "f": 0.99609375,
      "lying": 1.0
    },
    "towards": {
      "t": 0.99609375,
      "owards": 0.98046875
    },
    "monolith": {
      "mon": 0.6953125,
      "olith": 0.890625
    },
    "Odyssey": {
      "Od": 0.9375,
      "yssey": 0.98828125
    },
    "compelling": {
      "comp": 0.8828125,
      "elling": 0.99609375
    },
    "mechanics": {
      "me": 0.953125,
      "chan": 0.95703125,
      "ics": 0.9765625
    },
    "Borgs": {
      "B": 0.71484375,
      "org": 0.95703125,
      "s": 1.0
    },
    "inspiration": {
      "ins": 0.59375,
      "piration": 0.96875
    },
    "hypothesis": {
      "h": 0.86328125,
      "ypo": 0.90625,
      "thesis": 0.984375
    },
    "fighting": {
      "fight": 0.99609375,
      "ing": 0.9921875
    },
    "Borg": {
      "B": 0.984375,
      "org": 0.96484375
    },
    "girlfriend": {
      "girl": 0.77734375,
      "friend": 0.9921875
    },
    "gave": {
      "g": 0.9609375,
      "ave": 0.91796875
    },
    "Pasta": {
      "P": 0.70703125,
      "asta": 0.953125
    },
    "sounded": {
      "s": 0.77734375,
      "ounded": 0.94921875
    },
    "Conversations": {
      "Con": 0.86328125,
      "versations": 0.9375
    },
    "inspiring": {
      "ins": 0.9375,
      "piring": 0.98046875
    },
    "Roushey": {
      "R": 0.68359375,
      "ous": 0.9453125,
      "hey": 0.9765625
    },
    "Mechanical": {
      "Mech": 0.5234375,
      "anical": 0.98828125
    },
    "Underdogs": {
      "Under": 0.8515625,
      "dogs": 0.97265625
    },
    "further": {
      "f": 0.75,
      "urther": 0.9765625
    },
    "matured": {
      "m": 0.875,
      "ature": 0.98828125,
      "d": 0.9375
    },
    "involved": {
      "inv": 0.416015625,
      "olved": 0.80078125
    },
    "pasta": {
      "p": 0.328125,
      "asta": 0.83984375
    },
    "became": {
      "bec": 0.8515625,
      "ame": 0.99609375
    },
    "Spaghetti": {
      "Sp": 0.98828125,
      "aghetti": 0.89453125
    },
    "evolving": {
      "ev": 0.796875,
      "olving": 0.96484375
    },
    "dinner": {
      "d": 0.86328125,
      "inner": 0.94921875
    },
    "evolved": {
      "ev": 0.9609375,
      "olved": 0.96875
    },
    "sitting": {
      "s": 0.875,
      "itting": 0.9375
    },
    "guests": {
      "guest": 0.7421875,
      "s": 0.91796875
    },
    "pastas": {
      "past": 0.85546875,
      "as": 0.96875
    },
    "faster": {
      "f": 0.8671875,
      "aster": 0.96875
    },
    "stronger": {
      "strong": 0.94921875,
      "er": 0.984375
    },
    "varying": {
      "vary": 0.98828125,
      "ing": 0.921875
    },
    "costs": {
      "cost": 0.9296875,
      "s": 0.9921875
    },
    "debited": {
      "deb": 0.93359375,
      "ited": 0.90234375
    },
    "spawned": {
      "spawn": 0.875,
      "ed": 1.0
    },
    "instinct": {
      "inst": 0.76953125,
      "inct": 0.99609375
    },
    "conquer": {
      "con": 0.64453125,
      "quer": 0.9140625
    },
    "autonomous": {
      "aut": 0.859375,
      "onomous": 0.87890625
    },
    "DotA": {
      "Dot": 0.96875,
      "A": 0.99609375
    },
    "LoL": {
      "Lo": 0.90625,
      "L": 0.98046875
    },
    "creeps": {
      "cre": 0.66796875,
      "eps": 0.96875
    },
    "sauce": {
      "s": 0.703125,
      "auce": 0.93359375
    },
    "dies": {
      "d": 0.79296875,
      "ies": 0.92578125
    },
    "vicinity": {
      "vic": 0.828125,
      "inity": 0.984375
    },
    "conquering": {
      "con": 0.76171875,
      "qu": 0.66796875,
      "ering": 0.921875
    },
    "conquered": {
      "con": 0.98046875,
      "qu": 0.85546875,
      "ered": 0.9921875
    },
    "Battlefield": {
      "Battle": 0.921875,
      "field": 0.9921875
    },
    "Conquest": {
      "Con": 0.73828125,
      "quest": 0.99609375
    },
    "bistro": {
      "b": 0.91796875,
      "istro": 0.96484375
    },
    "Bistro": {
      "B": 0.59375,
      "istro": 0.87890625
    },
    "founder": {
      "found": 0.87890625,
      "er": 0.8984375
    },
    "FDT": {
      "F": 0.78125,
      "DT": 0.94921875
    },
    "Starling": {
      "Star": 0.546875,
      "ling": 0.98046875
    },
    "ActionScript": {
      "Action": 0.9296875,
      "Script": 0.984375
    },